SampleID,SiteID,Date,Year,State,StreamName,LatutudeWQ,LongitudeWQ,HabitatType,habitat,WaterTemp_C,DOPercent,DO_mgL,Turbidity_NTU,Conductivity_Scm,pH,Topeka_Shiner
18MNBSPPS113,Pipestone,2018,2018,MN,Pipestone_Creek,44.023,-96.329,Lake,lake,19.9,91.5,,113.4,805,,11
18MNBSWLWT111,MO5,2018,2018,MN,Willow_Creek_Tributary,44.129,-96.439,Oxbow,oxbow,18.8,65.3,,-65.1,307.6,,5
18MNBSWLWT112,MO6,2018,2018,MN,Willow_Creek_Tributary,44.127,-96.439,Oxbow,oxbow,18.8,66,,54.7,315,,2
18MNBSWLWT109,MO3,2018,2018,MN,Willow_Creek_Tributary,44.13,-96.445,Oxbow,oxbow,18.9,54.9,,37.6,315.8,,1
18MNBSWLWT108,MO4,2018,2018,MN,Willow_Creek_Tributary,44.129,-96.441,Oxbow,oxbow,20.1,60,,58.9,319.3,,1
18MNBSWLWT107,MO1,2018,2018,MN,Willow_Creek_Tributary,44.132,-96.447,Oxbow,oxbow,20.7,72,,39,327.6,,0
18MNBSWLWT110,MO2,2018,2018,MN,Willow_Creek_Tributary,44.131,-96.445,Oxbow,oxbow,19.3,65,,79.9,327.6,,0
18MNRKLRKR24,RA1,2018,2018,MN,Little_Rock_River,43.575,-95.759,Oxbow,oxbow,23.9,50.7,,104.6,354.9,,0
18MNBSWLWT19,MO2,2018,2018,MN,Willow_Creek_Tributary,44.13,-96.445,Oxbow,oxbow,25.7,109.3,,106.6,356.8,,5
18MNRKPLR49,PC1,2018,2018,MN,Poplar_Creek,43.865,-96.205,Oxbow,oxbow,22,79.5,,114.4,361.4,,5
18MNBSBVR04,TS3,2018,2018,MN,Beaver_Creek,43.74,-96.262,Oxbow,oxbow,23.9,127.8,,91.3,383.2,,27
16MNRKCPPD108,OL3,7/27/2016,2016,MN,Champepedan_Creek,43.728,-96.06,Oxbow,oxbow,28.13,112.1,7.29,37.9,386.4,8.59,0
19MNRKRKRT16,LV1,2019,2019,MN,Rock_River_Tributary,43.656,-96.201,Oxbow,oxbow,29.2,165.5,,3.9,386.7,,0
18MNRKPLR48,PC2,2018,2018,MN,Poplar_Creek,43.867,-96.2,Oxbow,oxbow,22,105.7,,118.3,420.6,,18
18MNBSBVRT02,TS8,2018,2018,MN,Beaver_Creek_Tributary,43.73,-96.292,Oxbow,oxbow,26,101,,76.3,426.8,,21
18MNBSBVRT03,TS9,2018,2018,MN,Beaver_Creek_Tributary,43.73,-96.293,Oxbow,oxbow,26.9,131.4,,67.2,427.1,,21
18MNRKRKRT41,HU1,2018,2018,MN,Rock_River_Tributary,43.767,-96.086,Oxbow,oxbow,26.6,200.1,,63.9,435,,2
17MNBSBVR15,TS1,6/1/2017,2017,MN,Beaver_Creek,43.745,-96.261,Oxbow,oxbow,17.95,122,9.66,69.2,440.1,8.27,21
19MNRKLRKR03,RA1,2019,2019,MN,Little_Rock_River,43.575,-95.759,Oxbow,oxbow,20.2,180,,12.5,445.1,,12
16MNBSBVTR06,TS9,5/16/2016,2016,MN,Beaver_Creek_Tributary,43.73,-96.292,Oxbow,oxbow,19.1,112.5,8.7,42.5,451.1,8.28,10
16MNRKPLR97,PC1,6/29/2016,2016,MN,Poplar_Creek,43.865,-96.205,Oxbow,oxbow,26.68,127.6,8.54,17.1,452.6,8.29,3
19MNBSLBVR13,VD3,2019,2019,MN,Little_Beaver_Creek,43.704,-96.268,Oxbow,oxbow,26.8,522.4,,34.4,458.2,,26
16MNRKPLR94,PC2,6/29/2016,2016,MN,Poplar_Creek,43.867,-96.2,Oxbow,oxbow,24.76,197.8,13.68,17.8,464.3,8.15,0
18MNBSWLW117,GE1,2018,2018,MN,Willow_Creek,44.152,-96.415,Oxbow,oxbow,19.8,56,,92.4,464.7,,21
18MNRKPLRT47,PCT1,2018,2018,MN,Poplar_Creek_Tributary,43.87,-96.205,Oxbow,oxbow,21.7,93.6,,115.3,471,,16
16MNRKRKR80,AR2,6/27/2016,2016,MN,Rock_River,43.705,-96.158,Oxbow,oxbow,25.71,126.8,8.49,27.3,473.8,8.43,26
15MNBSSTRK56,VA4,8/3/2015,2015,MN,Split_Rock_Creek,43.764,-96.446,Oxbow,oxbow,30.8,0,0,582,493.1,8.31,1
17MNRKRKRT36,HU1,6/1/2017,2017,MN,Rock_River_Tributary,43.767,-96.086,Oxbow,oxbow,24.4,122.5,8.62,49.1,501.4,8.84,0
16MNBSSTRT18,BUSP,5/17/2016,2016,MN,Split_Rock_Creek_Tributary,43.845,-96.316,Oxbow,oxbow,17,139.6,11.28,44.8,506.2,8.65,45
17MNRKCPPD66,OL3,5/25/2017,2017,MN,Champepedan_Creek,43.728,-96.059,Oxbow,oxbow,13,168,14.78,14.4,506.9,9.19,10
15MNBSSTRK55,VA3,8/3/2015,2015,MN,Split_Rock_Creek,43.765,-96.444,Oxbow,oxbow,30.42,270.2,20.49,82.3,507.2,7.9,3
16MNRKRKR81,AR3,6/27/2016,2016,MN,Rock_River,43.704,-96.158,Oxbow,oxbow,26.3,147.6,9.89,24,512.9,8.3,16
17MNBSBVR88,TS3(b),7/13/2017,2017,MN,Beaver_CreeK,43.74,-96.262,Oxbow,oxbow,25.53,134.4,9.09,69.9,518.9,8.59,35
17MNRKPLR65,PC2,5/24/2017,2017,MN,Poplar_Creek,43.867,-96.199,Oxbow,oxbow,15.82,160.6,13.27,20.1,520,8.66,0
18MNBSPPS70,LPRW2A,2018,2018,MN,Pipestone_Creek,44.084,-96.296,Oxbow,oxbow,21.3,177.9,,118.9,521,,0
19MNBSSTRK12,BU1,2019,2019,MN,Split_Rock_Creek_Tributary,43.846,-96.317,Oxbow,oxbow,22.3,206.2,,27.4,535,,27
18MNBSWLWT20,MO1,2018,2018,MN,Willow_Creek_Tributary,44.131,-96.447,Oxbow,oxbow,26.5,87.2,,16,545,,0
19MNRKLRKR10,JO2,2019,2019,MN,Little_Rock_River,43.585,-95.754,Oxbow,oxbow,18.4,69.8,,2.5,548,,5
19MNBSLBVR15,VD1,2019,2019,MN,Little_Beaver_Creek,43.707,-96.267,Oxbow,oxbow,26.6,294.9,,13.6,549,,21
17MNBSBVR11,TS3,6/1/2017,2017,MN,Beaver_Creek,43.74,-96.262,Oxbow,oxbow,18.03,127.9,10.1,54.7,551.5,8.38,21
19MNRKRKRT17,RO1,2019,2019,MN,Rock_River_Tributary,43.657,-96.202,Oxbow,oxbow,25.9,285.9,,8.2,557,,0
19MNRKLRKR01,LJ2,2019,2019,MN,Little_Rock_River,43.581,-95.756,Oxbow,oxbow,24,314.5,,6.8,559,,0
15MNRKKNZ01,MA1,6/3/2015,2015,MN,Kanaranzi_Creek,43.645,-95.96,Oxbow,oxbow,21.14,84.1,7.28,.,560.6,6.67,28
18MNRKMND06,BM1,2018,2018,MN,Mound_Creek,43.714,-96.174,Oxbow,oxbow,27,111.7,,87.2,570,,21
17MNRKRKR21,EH1,6/1/2017,2017,MN,Rock_River,43.7,-96.152,Oxbow,oxbow,24.42,158.3,11.09,50.2,570.5,8.96,18
18MNRKRKRT44,HU2,2018,2018,MN,Rock_River_Tributary,43.765,-96.087,Oxbow,oxbow,25.3,111.8,,105.6,576,,0
18MNRKCPPD45,SC1,2018,2018,MN,Champepedan_Creek,43.719,-96.077,Oxbow,oxbow,22.9,89.7,,115,584,,21
17MNBSWLW48,MO4,5/23/2017,2017,MN,Willow_Creek_Tributary,44.13,-96.441,Oxbow,oxbow,10.91,97.4,9,31.2,584.5,8.31,0
17MNRKRKR63,FE1,5/24/2017,2017,MN,Rock_River,43.897,-96.159,Oxbow,oxbow,14.89,138.1,11.65,23.6,590.8,8.5,21
16MNRKKNZ66,MA1,6/15/2016,2016,MN,Kanaranzi_Creek,43.645,-95.96,Oxbow,oxbow,19.89,43.1,3.26,76,594.7,7.33,22
18MNRKCPPD46,KR2,2018,2018,MN,Champepedan_Creek,43.763,-96.05,Oxbow,oxbow,22.9,111.9,,110,601,,9
17MNRKRKR61,FE3,5/24/2017,2017,MN,Rock_River,43.894,-96.162,Oxbow,oxbow,14.3,123.3,10.54,19.4,605.3,8.42,21
16MNBSBVRT05,TS8,5/16/2016,2016,MN,Beaver_Creek_Tributary,43.73,-96.293,Oxbow,oxbow,19.56,96.8,7.4,22,609.5,8.1,39
15MNRKPLR58,PC1,8/4/2015,2015,MN,Poplar_Creek,43.865,-96.205,Oxbow,oxbow,21,25.6,2.51,407,612.6,6.35,0
19MNBSLBVR14,VD2,2019,2019,MN,Little_Beaver_Creek,43.705,-96.267,Oxbow,oxbow,25.9,185.5,,61.2,617,,11
17MNBSWLW45,MO6,5/23/2017,2017,MN,Willow_Creek_Tributary,44.126,-96.439,Oxbow,oxbow,9.74,89,8.53,39.2,619.4,8.33,0
15MNBSSTRK52,VA1,8/3/2015,2015,MN,Split_Rock_Creek,43.769,-96.443,Oxbow,oxbow,27.38,87.3,6.68,66,621.9,6.74,0
17MNBSFDUT57,ST1,5/23/2017,2017,MN,Flandreau_Creek_Tributary,44.153,-96.282,Oxbow,oxbow,11.55,131.2,11.94,18.6,622.7,8.73,3
17MNBSWLW50,MO2,5/23/2017,2017,MN,Willow_Creek_Tributary,44.13,-96.445,Oxbow,oxbow,10.35,94.4,8.85,63.7,629.5,8.43,0
17MNBSBVR08,TS5,6/1/2017,2017,MN,Beaver_Creek,43.732,-96.27,Oxbow,oxbow,19,178.5,13.74,32.6,631.7,8.8,20
17MNBSWLW47,MO5,5/23/2017,2017,MN,Willow_Creek_Tributary,44.129,-96.439,Oxbow,oxbow,9.81,98.5,9.34,32,632,8.41,0
16MNRKPRLT100,PCT2,6/29/2016,2016,MN,Poplar_Creek_Tributary,43.867,-96.204,Oxbow,oxbow,27.01,136.6,9.08,4.5,640.6,8.05,0
16MNRKPLRT98,PCT1,6/29/2016,2016,MN,Poplar_Creek_Tributary,43.87,-96.205,Oxbow,oxbow,26.37,158.9,10.65,14.3,640.7,8.11,12
17MNRKCPPD40,SC2,6/1/2017,2017,MN,Champepedan_Creek,43.719,-96.077,Oxbow,oxbow,22.83,154.2,11.29,50.9,641.6,8.77,15
17MNBSWLW49,MO3,5/23/2017,2017,MN,Willow_Creek_Tributary,44.13,-96.445,Oxbow,oxbow,10.62,102.3,9.51,28.2,641.9,8.51,0
16MNBSFDUT41,ST1,5/19/2016,2016,MN,Flandreau_Creek_Tributary,44.153,-96.281,Oxbow,oxbow,17.1,114.5,9.21,90,643.1,8.3,0
16MNRKRKR82,AR1,6/27/2016,2016,MN,Rock_River,43.707,-96.158,Oxbow,oxbow,25.79,157.7,10.71,50.8,649.2,8.18,18
18MNRKLRKR22,LJ4,2018,2018,MN,Little_Rock_River,43.58,-95.758,Oxbow,oxbow,20.6,105.4,,108,657,,21
15MNRKRKR13,AR23A,6/9/2015,2015,MN,Rock_River,43.705,-96.157,Oxbow,oxbow,24,93,7.53,141.3,659.5,6.82,0
17MNBSWLW52,MO1,5/23/2017,2017,MN,Willow_Creek_Tributary,44.132,-96.447,Oxbow,oxbow,10.58,96.1,8.97,36.6,660.4,8.36,0
16MNRKRKRT34,HU3,5/18/2016,2016,MN,Rock_River_Tributary,43.764,-96.091,Oxbow,oxbow,13.8,205.8,17.76,7,669.4,7.87,0
18MNRKKNZ55,MA1,2018,2018,MN,Kanaranzi_Creek,43.644,-95.96,Oxbow,oxbow,21.3,60.1,,90.2,670,,7
18MNRKRKR01,MY1,2018,2018,MN,Rock_River,43.651,-96.194,Oxbow,oxbow,27.4,133.3,,56.7,675,,1
18MNRKRKR62,SHURRB,2018,2018,MN,Rock_River,43.502,-96.116,Oxbow,oxbow,25.1,149.1,,96.8,677,,2
17MNBSWLW53,GE2,5/23/2017,2017,MN,Willow_Creek,44.15,-96.414,Oxbow,oxbow,11.51,105.3,9.61,14.8,681,8.58,5
17MNRKPLRT64,PCT2,5/24/2017,2017,MN,Poplar_Creek_Tributary,43.867,-96.204,Oxbow,oxbow,17.12,187.8,11.87,22.3,681.2,8.67,21
17MNRKCPPD17,KR2,6/1/2017,2017,MN,Champepedan_Creek,43.763,-96.05,Oxbow,oxbow,24.28,38.6,2.68,86.3,681.7,8.41,0
19MNRKLRKR11,JO1,2019,2019,MN,Little_Rock_River,43.587,-95.755,Oxbow,oxbow,22.9,213.7,,11.1,682,,1
16MNRKMND02,BM1,5/16/2016,2016,MN,Mound_Creek,43.713,-96.174,Oxbow,oxbow,19.15,109.6,8.47,45,682.4,8.27,41
18MNBSFDU101,BT3,2018,2018,MN,Flandreau_Creek,44.085,-96.439,Oxbow,oxbow,22,86.5,,117.2,687,,0
17MNBSBVRT06,TS6,6/1/2017,2017,MN,Beaver_Creek_Tributary,43.732,-96.289,Oxbow,oxbow,18.57,228.6,18.73,11.3,691.7,8.76,5
16MNRKCPPD106,OL1,7/27/2016,2016,MN,Champepedan_Creek,43.728,-96.057,Oxbow,oxbow,28.41,136.6,8.84,8.3,694.4,8.24,11
17MNRKELK29,RM4,6/1/2017,2017,MN,Elk_Creek,43.672,-96.071,Oxbow,oxbow,28.16,268.9,17.47,38.2,696,8.92,21
17MNRKRKR62,FE2,5/24/2017,2017,MN,Rock_River,43.896,-96.164,Oxbow,oxbow,14,91,7.85,54.2,696.8,8.46,8
17MNRKRKRT34,HU2,6/1/2017,2017,MN,Rock_River_Tributary,43.765,-96.086,Oxbow,oxbow,23.63,127.4,9,19.5,700.2,8.53,0
19MNRKLRKR02,LJ1,2019,2019,MN,Little_Rock_River,43.582,-95.754,Oxbow,oxbow,23.1,240.7,,11.2,703,,0
17MNRKKNZ44,LU1,5/22/2017,2017,MN,Kanaranzi_Creek,43.623,-95.994,Oxbow,oxbow,13.06,137.5,12.09,4.1,707.8,8.09,21
17MNRKRKRT59,KA1,5/24/2017,2017,MN,Rock_River_Tributary,43.933,-96.186,Oxbow,oxbow,12.25,131.7,11.81,36.2,708.3,8.8,21
18MNRKRKRT43,HU3,2018,2018,MN,Rock_River_Tributary,43.764,-96.091,Oxbow,oxbow,17.5,180,,120.1,714,,0
17MNRKCPPD38,SC1,6/1/2017,2017,MN,Champepedan_Creek,43.72,-96.077,Oxbow,oxbow,21.91,174.4,12.79,60.2,719.9,8.45,0
17MNBSWLW56,GE1,5/23/2017,2017,MN,Willow_Creek,44.152,-96.415,Oxbow,oxbow,11.89,104.8,9.47,12.3,723.2,8.54,0
18MNRKLRKR23,LJ3,2018,2018,MN,Little_Rock_River,43.58,-95.757,Oxbow,oxbow,22.8,138.7,,116,725,,2
17MNBSBVR13,TS2,6/1/2017,2017,MN,Beaver_Creek,43.741,-96.263,Oxbow,oxbow,17.06,143.7,11.57,22.3,728.7,8.57,21
17MNRKRKRT31,HU3,6/1/2017,2017,MN,Rock_River_Tributary,43.764,-96.091,Oxbow,oxbow,16.42,207.3,16.95,23.5,730.2,8.13,0
18MNBSBVR05,TS4,2018,2018,MN,Beaver_Creek,43.74,-96.261,Oxbow,oxbow,13.2,116.4,,,731,,20
19MNRKRKRT07,HU3,2019,2019,MN,Rock_River_Tributary,43.764,-96.091,Oxbow,oxbow,17.5,106.6,,4.5,734,,0
19MNRKRKRT08,HU4,2019,2019,MN,Rock_River_Tributary,43.762,-96.09,Oxbow,oxbow,13.7,85.5,,-0.2,740,,2
17MNRKCPPD18,KR3,6/1/2017,2017,MN,Champepedan_Creek,43.762,-96.049,Oxbow,oxbow,24.43,143.5,9.9,11.8,740.6,8.67,6
18MNRKRKRT42,HU4,2018,2018,MN,Rock_River_Tributary,43.763,-96.09,Oxbow,oxbow,12.3,105.6,,120.6,745,,0
17MNBSBVR10,TS4,6/1/2017,2017,MN,Beaver_Creek,43.739,-96.262,Oxbow,oxbow,11.1,132.6,12.15,12.2,751.5,8,0
17MNBSBVRT05,TS7,6/1/2017,2017,MN,Beaver_Creek_Tributary,43.731,-96.292,Oxbow,oxbow,16.97,203.8,16.63,68.2,752.9,8.53,3
17MNRKRKRT33,HU4,6/1/2017,2017,MN,Rock_River_Tributary,43.763,-96.09,Oxbow,oxbow,10.41,135.5,12.66,4.5,753.2,7.89,0
18MNBSBVRT19,HA1,2018,2018,MN,Beaver_Creek_Tributary,43.615,-96.349,Oxbow,oxbow,18.2,56.1,,75.4,759,,21
18MNRKLRKR26,RA3,2018,2018,MN,Little_Rock_River,43.573,-95.757,Oxbow,oxbow,12.8,77.6,,119.2,760,,0
19MNRKLRKR05,RA3,2019,2019,MN,Little_Rock_River,43.573,-95.757,Oxbow,oxbow,12.2,65.3,,0.8,765,,0
19MNRKRKRT25,PR2,2019,2019,MN,Rock_River_Tributary,43.82,-96.084,Oxbow,oxbow,28.3,352.5,,36.3,769,,4
18MNRKLRKR21,LJ2,2018,2018,MN,Little_Rock_River,43.581,-95.756,Oxbow,oxbow,21.1,144.5,,106,776,,0
17MNRKCPPD19,KR1,6/1/2017,2017,MN,Champepedan_Creek,43.763,-96.048,Oxbow,oxbow,22.26,140.4,10.18,31.5,777.1,8.6,3
17MNRKELK25,RM1,6/1/2017,2017,MN,Elk_Creek,43.672,-96.064,Oxbow,oxbow,20.37,191.5,14.82,51.2,785.3,8.75,21
17MNRKELK23,RM3,6/1/2017,2017,MN,Elk_Creek,43.67,-96.067,Oxbow,oxbow,21.92,152.6,11.14,55,787,8.19,4
18MNBSBVRT18,HA3,2018,2018,MN,Beaver_Creek_Tributary,43.615,-96.352,Oxbow,oxbow,19.6,81.3,,112.5,787,,22
19MNRKLRKR09,JO3,2019,2019,MN,Little_Rock_River,43.584,-95.753,Oxbow,oxbow,21.1,134.2,,3.3,790,,10
18MNRKLRKR25,RA2,2018,2018,MN,Little_Rock_River,43.574,-95.757,Oxbow,oxbow,14.4,89.3,,119.9,794,,0
17MNRKRKR60,FE4,5/24/2017,2017,MN,Rock_River,43.892,-96.16,Oxbow,oxbow,12.89,68.8,6.22,30.7,795.1,7.94,12
18MNRKLRKR20,LJ1,2018,2018,MN,Little_Rock_River,43.58,-95.756,Oxbow,oxbow,24.6,161.3,,107,798,,0
17MNRKRKRT58,KA2,5/24/2017,2017,MN,Rock_River_Tributary,43.929,-96.185,Oxbow,oxbow,12.36,163.1,14.5,6.4,807,8.83,22
18MNRKKNZ56,SV1,2018,2018,MN,Kanaranzi_Creek,43.637,-95.961,Oxbow,oxbow,21,59.6,,63.2,857,,5
17MNRKKNZ43,SV1,5/22/2017,2017,MN,Kanaranzi_Creek,43.637,-95.961,Oxbow,oxbow,12.57,126.9,11.26,3.1,876.3,8.37,0
16MNRKKNZ35,SHURR,5/18/2016,2016,MN,Kanaranzi_Creek,43.502,-96.115,Oxbow,oxbow,21.8,201.7,15,18.5,877.9,8.2,5
19MNRKLRKR04,RA2,2019,2019,MN,Little_Rock_River,43.574,-95.756,Oxbow,oxbow,11.2,64.5,,0.3,890,,0
17MNBSBVRT01,HA2,6/1/2017,2017,MN,Beaver_Creek_Tributary,43.615,-96.35,Oxbow,oxbow,14.34,113.1,9.73,18.8,890.2,8.34,4
17MNBSBVRT02,HA3,6/1/2017,2017,MN,Beaver_Creek_Tributary,43.615,-96.352,Oxbow,oxbow,14.27,204.5,17.49,28.1,948.7,8.72,0
16MNRKKNZ67,MA2,6/15/2016,2016,MN,Kanaranzi_Creek,43.639,-95.958,Oxbow,oxbow,24.05,303.2,21.26,58.2,1079,8.43,0
17MNRKKNZ42,MA2,5/22/2017,2017,MN,Kanaranzi_Creek,43.639,-95.958,Oxbow,oxbow,13.44,201.2,17.48,41.2,1116,8.89,17
17MNBSBVRT04,HA1,6/1/2017,2017,MN,Beaver_Creek_Tributary,43.615,-96.35,Oxbow,oxbow,15.83,99.7,8.33,24.6,1258,8.47,0
18MNRKRKR34,BA1,2018,2018,MN,Rock_River,43.649,-96.198,Oxbow,oxbow,16.9,79.5,,106,1390,,0
15MNRKKNZ06,MA2,6/4/2015,2015,MN,Kanaranzi_Creek,43.656,-96.074,Oxbow,oxbow,18.11,35,3.17,127.7,1557,6.11,0
17MNBSWLW55,GE3,5/23/2017,2017,MN,Willow_Creek,44.151,-96.416,Oxbow,oxbow,.,.,.,.,.,.,17
18MNBSPPST106,HUFPB,2018,2018,MN,Pipestone_Creek_Tributary,44.134,-96.19,Pond,oxbow,22,176.4,,115.8,314,,0
18MNBSPPST82,HUFPB,2018,2018,MN,Pipestone_Creek_Tributary,44.132,-96.185,Pond,oxbow,17.3,52.5,,110.2,808,,0
56,71116-1,11-Jul-16,2016,IA,West_Buttrick_Creek,42.12059161,-94.31923917,Restored_Oxbow,oxbow,26.54,,9.97,22.2,50,8.23,8
146,Prairie_8_Oxbow(2),8-Jun-17,2017,IA,Prairie_Creek,42.88706506,-94.01139679,Restored_Oxbow,oxbow,22,,6.5,65.5,130,7.7,337
133,60717-1,7-Jun-17,2017,IA,West_Buttrick_Creek,42.11662691,-94.30846746,Restored_Oxbow,oxbow,22.5,,5.1,24.25,283,9.87,0
166,63017-1,30-Jun-17,2017,IA,Cedar_Creek,42.27081306,-94.5013721,Restored_Oxbow,oxbow,21.03,,9.31,30.2,285,8.97,13
25,61216-3,12-Jun-16,2016,IA,Praire_Creek,42.2670847,-94.79433246,Restored_Oxbow,oxbow,29.9,,7.7,9.43,290.7,9.1,0
41,62916-1,29-Jun-16,2016,IA,Camp_Creek,42.35973358,-94.82647576,Restored_Oxbow,oxbow,23.99,,4,97.3,322,7.99,0
173,71217-1,12-Jul-17,2017,IA,Lake_Creek,42.24505059,-94.78149208,Restored_Oxbow,oxbow,25.86,,11.12,21.4,323,9.36,0
19,61116-1,11-Jun-16,2016,IA,Cedar_Creek,42.25321324,-94.52374808,Restored_Oxbow,oxbow,28,,2.06,37.4,327.8,7.6,24
16,60816-6,8-Jun-16,2016,IA,Cedar_Creek,42.25466411,-94.52717278,Restored_Oxbow,oxbow,27.5,,2.23,42.8,350.8,8.2,0
52,70816-2,8-Jul-16,2016,IA,West_Buttrick_Creek,42.19877405,-94.34436057,Restored_Oxbow,oxbow,24.38,,2.51,15.2,402,7.65,0
7,WFC_Frye_Oxbow,18-May-16,2016,IA,White_Fox_Creek,42.52301507,-93.78770911,Restored_Oxbow,oxbow,17.9,,10.28,5.38,404.9,8.1,0
123,WFC_Frye_Oxbow(2),12-Oct-16,2016,IA,White_Fox_Creek,42.52301507,-93.78770911,Restored_Oxbow,oxbow,17.9,,10.28,5.38,404.9,8.1,0
5,60516-1,5-Jun-16,2016,IA,Cedar_Creek,42.17859755,-94.56232559,Restored_Oxbow,oxbow,22.2,,3.82,12,408,8,0
33,61716-1,17-Jun-16,2016,IA,Cedar_Creek,42.27075021,-94.50203183,Restored_Oxbow,oxbow,25.1,,3.65,30.2,408.8,8.3,46
145,Prairie_9_Oxbow(2),9-Jun-17,2017,IA,Prairie_Creek,42.88830793,-94.01162369,Restored_Oxbow,oxbow,21,,4.71,31.4,428.7,8,453
176,71317-3,13-Jul-17,2017,IA,Lake_Creek,42.24250503,-94.7811538,Restored_Oxbow,oxbow,24.05,,5.07,28.2,439,7.8,0
51,70816-1,8-Jul-16,2016,IA,West_Buttrick_Creek,42.1986077,-94.34501376,Restored_Oxbow,oxbow,24.16,,7.29,16.9,450,8.31,0
15,60816-5,8-Jun-16,2016,IA,Cedar_Creek,42.25707196,-94.53128416,Restored_Oxbow,oxbow,30.3,,6.1,62.6,455.4,8.8,0
53,70816-3,8-Jul-16,2016,IA,West_Buttrick_Creek,42.19758667,-94.3440848,Restored_Oxbow,oxbow,23.47,,4.48,34.2,459,7.85,1
197,Otter_StevensonSouth_Oxbow,10-Jul-17,2017,IA,Otter_Creek,42.77787854,-93.91085073,Restored_Oxbow,oxbow,26.4,,3.57,12.2,462.4,8.4,6
139,Otter_StevensonNorth_Oxbow,22-Jun-17,2017,IA,Otter_Creek,42.77846866,-93.91160974,Restored_Oxbow,oxbow,22.7,,3.85,23.8,474.4,7.4,12
65,71516-2,15-Jul-16,2016,MN,Beaver_Creek,43.72995264,-96.29285269,Restored_Oxbow,oxbow,29.9,,12.67,27.1,489,9,19
134,60817-1,8-Jun-17,2017,IA,West_Buttrick_Creek,42.12047203,-94.31915703,Restored_Oxbow,oxbow,22.65,,9.97,22.2,493,8.45,0
42,62916-2,29-Jun-16,2016,IA,Camp_Creek,42.35991188,-94.82730736,Restored_Oxbow,oxbow,25.9,,5.4,31.2,494.2,8.2,0
10,60816-1,8-Jun-16,2016,IA,Cedar_Creek,42.2573437,-94.5314167,Restored_Oxbow,oxbow,29,,6.34,34.1,504,8.5,0
13,60816-3,8-Jun-16,2016,IA,Cedar_Creek,42.25681541,-94.53055335,Restored_Oxbow,oxbow,23.8,,4.87,46.7,507,8.4,0
219,52417-1,24-May-17,2017,MN,Trib_to_Rock_River,43.92928683,-96.18498865,Restored_Oxbow,oxbow,26,,7.19,22.2,508.7,8.3,31
44,63016-2,30-Jun-16,2016,IA,Cedar_Creek,42.1773511,-94.56013048,Restored_Oxbow,oxbow,22.2,,4.92,24.6,514.2,8.3,0
81,80316-1,3-Aug-16,2016,IA,Cedar_Creek,42.24967431,-94.53411248,Restored_Oxbow,oxbow,23.86,,5.73,26,519.1,8.4,0
218,52417-6,24-May-17,2017,MN,Trib_to_Rock_River,43.86694419,-96.20430149,Restored_Oxbow,oxbow,25.51,,6.51,25.7,519.9,8.4,221
120,Lyons_120_Oxbow,13-Oct-16,2016,IA,Lyons_Creek,42.47552093,-93.78352517,Restored_Oxbow,oxbow,26.4,,6.72,17.8,525,8.5,0
36,62216-2,22-Jun-16,2016,IA,Lake_Creek,42.30144347,-94.69717273,Restored_Oxbow,oxbow,35.4,,9.37,51.3,528,8.6,0
2,60216-2,2-Jun-16,2016,IA,Prairie_Creek,42.2611013,-94.80033754,Restored_Oxbow,oxbow,23.5,,6.43,2.77,531,8.9,0
220,52417-2,24-May-17,2017,MN,Trib_to_Rock_River,43.93174708,-96.18571855,Restored_Oxbow,oxbow,24.36,,5.79,28.3,534.8,8.3,223
57,71116-2,11-Jul-16,2016,IA,West_Buttrick_Creek,42.12138309,-94.3192147,Restored_Oxbow,oxbow,26.54,,8.9,32.8,544,8.05,19
121,WFC_JonesWest_Oxbow,12-Oct-16,2016,IA,White_Fox_Creek,42.59629062,-93.75783516,Restored_Oxbow,oxbow,22.1,,9.6,9.1,565,8.8,0
98,Prairie_3_Oxbow,18-Jul-16,2016,IA,Prairie_Creek,42.87326272,-93.99424142,Restored_Oxbow,oxbow,26.1,,2.95,80,567,8.4,148
174,71317-1,13-Jul-17,2017,IA,Lake_Creek,42.24597656,-94.78128978,Restored_Oxbow,oxbow,24.01,,5.11,18.5,568,8.25,0
82,80316-2,3-Aug-16,2016,IA,Cedar_Creek,42.25008447,-94.53417758,Restored_Oxbow,oxbow,25.75,,6.61,26.4,571.1,8.4,0
135,60817-2,8-Jun-17,2017,IA,West_Buttrick_Creek,42.12137603,-94.3192878,Restored_Oxbow,oxbow,24.48,,8.9,32.8,574,8.25,0
35,62216-1,22-Jun-16,2016,IA,Lake_Creek,42.30316584,-94.69044875,Restored_Oxbow,oxbow,23.8,,0.406,9.81,582,8.2,0
76,72316-2,23-Jul-16,2016,IA,West_Buttrick_Creek,42.12583623,-94.32023104,Restored_Oxbow,oxbow,24.23,,2.08,13,583,7.59,1
75,72316-1,23-Jul-16,2016,IA,West_Buttrick_Creek,42.12514025,-94.32044887,Restored_Oxbow,oxbow,25.55,,1.45,14.4,586,7.5,1
183,Boone_Dahlstrom_Oxbow,31-Jul-17,2017,IA,Boone_River,42.71563055,-93.95299233,Restored_Oxbow,oxbow,18.9,,2.99,24.9,596,7.4,36
17,61016-1,10-Jun-16,2016,IA,Cedar_Creek,42.25321654,-94.53561898,Restored_Oxbow,oxbow,29,,3.85,23.1,603,7.9,2
175,71317-2,13-Jul-17,2017,IA,Lake_Creek,42.24327693,-94.78188916,Restored_Oxbow,oxbow,23.31,,3.42,19.8,609,7.09,0
43,63016-1,30-Jun-16,2016,IA,Cedar_Creek,42.18024492,-94.55334943,Restored_Oxbow,oxbow,24.17,,3,37.8,620,7,0
14,60816-4,8-Jun-16,2016,IA,Cedar_Creek,42.25194291,-94.53387653,Restored_Oxbow,oxbow,30.1,,4.97,55.9,625,8.2,26
167,70517-1,5-Jul-17,2017,MN,Beaver_Creek,43.73190514,-96.27028428,Restored_Oxbow,oxbow,24.84,,7.21,38.1,644,8.37,732
1,60216-1,2-Jun-16,2016,IA,Prairie_Creek,42.26085223,-94.80111498,Restored_Oxbow,oxbow,21.5,,2.11,5.98,645,8.2,0
18,61016-2,10-Jun-16,2016,IA,Cedar_Creek,42.25481685,-94.53616042,Restored_Oxbow,oxbow,28.9,,4.75,16.9,650,8,1
58,71116-3,11-Jul-16,2016,IA,West_Buttrick_Creek,42.12325395,-94.32007604,Restored_Oxbow,oxbow,25.63,,3.59,48.8,653,8.04,6
148,Prairie_17_Oxbow,5-Jun-17,2017,IA,Prairie_Creek,42.91944993,-94.07380608,Restored_Oxbow,oxbow,18.8,,9.18,61.6,654,8.1,318
141,Eagle_147_Oxbow,16-Jun-17,2017,IA,Eagle_Creek,42.62867936,-93.84457603,Restored_Oxbow,oxbow,24.9,,6.8,14,656,7.8,0
168,70517-2,5-Jul-17,2017,MN,Beaver_Creek,43.7322726,-96.28927631,Restored_Oxbow,oxbow,28.13,,10.6,29.7,658,8.35,2
140,WFC_Frohling_Oxbow,20-Jun-17,2017,IA,White_Fox_Creek,42.60046543,-93.75453841,Restored_Oxbow,oxbow,22.4,,2.9,34.9,665,7.9,0
136,WFC_Peterson_Oxbow,27-Jun-17,2017,IA,White_Fox_Creek,42.55852742,-93.77600035,Restored_Oxbow,oxbow,17.6,,5,26.5,676,7.6,0
122,WFC_JonesEast_Oxbow,12-Oct-16,2016,IA,White_Fox_Creek,42.59670076,-93.75689206,Restored_Oxbow,oxbow,20.3,,7.85,5.3,677,8,0
59,71116-4,11-Jul-16,2016,IA,West_Buttrick_Creek,42.12364001,-94.32131526,Restored_Oxbow,oxbow,21.66,,6.15,68.2,700,7.47,2
125,53117-2,31-May-17,2017,IA,West_Buttrick_Creek,42.19876373,-94.34437997,Restored_Oxbow,oxbow,19.2,,2.51,15.2,739,8.04,0
124,53117-1,31-May-17,2017,IA,West_Buttrick_Creek,42.19809437,-94.34511939,Restored_Oxbow,oxbow,17.71,,5.5,25,740,8.39,0
34,61716-2,17-Jun-16,2016,IA,Cedar_Creek,42.26810018,-94.50759943,Restored_Oxbow,oxbow,26.9,,7.93,16.8,745,8.2,0
126,53117-3,31-May-17,2017,IA,West_Buttrick_Creek,42.19761756,-94.34410011,Restored_Oxbow,oxbow,19.13,,4.48,34.2,746,8.05,0
64,71516-1,15-Jul-16,2016,MN,Beaver_Creek,43.73033323,-96.29211844,Restored_Oxbow,oxbow,25.4,,14.48,44.2,760,9.5,30
27,Eagle_146_Oxbow,17-Jun-16,2016,IA,Eagle_Creek,42.62410899,-93.84947643,Restored_Oxbow,oxbow,26.5,,5.16,28.3,762,8.5,16
22,61216-1,12-Jun-16,2016,IA,Prairie_Creek,42.2645129,-94.79645489,Restored_Oxbow,oxbow,27,,0.21,8.16,797,8,0
23,61216-2,12-Jun-16,2016,IA,Prairie_Creek,42.26595804,-94.79559446,Restored_Oxbow,oxbow,29.1,,3.7,5.23,812,8.1,0
11,60816-2,8-Jun-16,2016,IA,Cedar_Creek,42.25241786,-94.53333272,Restored_Oxbow,oxbow,29.4,,3.32,17.1,831,8.1,5
83,80516-1,5-Aug-16,2016,MN,Mound_Creek,43.71347935,-96.17416406,Restored_Oxbow,oxbow,23.2,,3.64,17.9,859,8.7,105
169,70617-1,6-Jul-17,2017,MN,Mound_Creek,43.71348336,-96.17433383,Restored_Oxbow,oxbow,23.2,,3.64,17.9,859,8.7,29
164,62017-1,20-Jun-17,2017,IA,West_Buttrick_Creek,42.16541448,-94.33451431,Restored_Oxbow,oxbow,14.72,,4.78,22,923,7.84,0
259,Van_Diest,23-Jul-19,2019,IA,Lyon_Creeks,42.49728989,-93.76669559,Restored_Oxbow,oxbow,25.72,,8.57,28.3,449,7.9,0
273,Frye_North,21-May-20,2020,IA,White_Fox_Creek,42.52344482,-93.7877626,Restored_Oxbow,oxbow,,,,25.5,252.7,,0
311,Scharn_East,21-May-20,2020,IA,Cedar_Creek,42.42252032,-94.94148231,Restored_Oxbow,oxbow,,,,89,258,,0
301,Nelson_West,8-Jun-20,2020,IA,Lyons_Creek,42.48953957,-93.7678932,Restored_Oxbow,oxbow,,,,28.7,309,,0
309,Scharn_East,27-May-20,2020,IA,Cedar_Creek,42.42252032,-94.94148231,Restored_Oxbow,oxbow,,,,215,347,,0
316,Sterns,19-May-20,2020,IA,Lyons_Creek,42.49353778,-93.76768048,Restored_Oxbow,oxbow,,,,64.9,364,,0
302,Nelson_West,27-May-20,2020,IA,Lyons_Creek,42.48953957,-93.7678932,Restored_Oxbow,oxbow,,,,187,375,,0
252,Hefty_North,25-Jul-19,2019,IA,Boone_River,42.88833305,-94.01161431,Restored_Oxbow,oxbow,22.6,,4.56,30.2,393.8,7.65,3
261,Wallace,30-Jul-19,2019,IA,Trib._to_Indian_Creek,42.30243933,-94.99032842,Restored_Oxbow,oxbow,24.78,,2.89,15.4,399.4,7.44,0
228,Hefty_North,28-Jun-19,2019,IA,Boone_River,42.88833305,-94.01161431,Restored_Oxbow,oxbow,28.95,,7,81.02,402.6,8.64,51
293,Maples_South,18-May-20,2020,IA,Lyons_Creek,42.47710919,-93.7746624,Restored_Oxbow,oxbow,,,,19,403,,0
317,Sterns,26-May-20,2020,IA,Lyons_Creek,42.49353778,-93.76768048,Restored_Oxbow,oxbow,,,,38.5,418,,0
319,Sterns,2-Jun-20,2020,IA,Lyons_Creek,42.49353778,-93.76768048,Restored_Oxbow,oxbow,,,,20.8,426,,0
257,Mrazek_South,26-Jul-19,2019,IA,Otter_Creek,42.81368752,-93.85704837,Restored_Oxbow,oxbow,28.06,,14.53,26.53,429.4,7.95,10
287,Jones_West,5-Jun-20,2020,IA,White_Fox_Creek,42.59615684,-93.75786999,Restored_Oxbow,oxbow,,,,26.5,434,,0
310,Scharn_East,10-Jun-20,2020,IA,Cedar_Creek,42.42252032,-94.94148231,Restored_Oxbow,oxbow,,,,42.7,434,,0
296,Nelson_East,19-May-20,2020,IA,Lyons_Creek,42.488799,-93.76739863,Restored_Oxbow,oxbow,,,,30.8,435,,0
297,Nelson_East,26-May-20,2020,IA,Lyons_Creek,42.488799,-93.76739863,Restored_Oxbow,oxbow,,,,36.3,441,,0
300,Nelson_West,1-Jun-20,2020,IA,Lyons_Creek,42.48953957,-93.7678932,Restored_Oxbow,oxbow,,,,41.7,442,,0
260,Voss,24-Jul-19,2019,IA,Eagle_Creek,42.62090923,-93.84910967,Restored_Oxbow,oxbow,24.92,,11.46,21.13,442.2,8.32,0
230,McClellan,1-Jul-19,2019,IA,Boone_River,42.91948654,-94.07050355,Restored_Oxbow,oxbow,24.29,,4.92,34.66,444.4,7.91,87
308,Scharn_East,3-Jun-20,2020,IA,Cedar_Creek,42.42252032,-94.94148231,Restored_Oxbow,oxbow,,,,35.6,449,,0
236,Voss,25-Jun-19,2019,IA,Eagle_Creek,42.62090923,-93.84910967,Restored_Oxbow,oxbow,24.32,,5.408,40.36,449.8,8.33,0
303,Nelson_West,20-May-20,2020,IA,Lyons_Creek,42.48953957,-93.7678932,Restored_Oxbow,oxbow,,,,57.3,457,,0
256,Mrazek_Northwest,1-Aug-19,2019,IA,Otter_Creek,42.814143,-93.86175289,Restored_Oxbow,oxbow,22.88,,16.27,30.33,458.8,8.65,1
255,Mrazek_North,1-Aug-19,2019,IA,Otter_Creek,42.81522381,-93.85765183,Restored_Oxbow,oxbow,26.62,,16.27,30.33,458.8,8.648,4
294,Maples_South,2-Jun-20,2020,IA,Lyons_Creek,42.47710919,-93.7746624,Restored_Oxbow,oxbow,,,,14.2,475,,0
224,Fisk,2-Jul-19,2019,IA,Camp_Creek,42.39815815,-94.78450516,Restored_Oxbow,oxbow,23.03,,5.61,6.3,479.2,8.13,0
299,Nelson_East,2-Jun-20,2020,IA,Lyons_Creek,42.488799,-93.76739863,Restored_Oxbow,oxbow,,,,29.6,486,,0
295,Maples_South,26-May-20,2020,IA,Lyons_Creek,42.47710919,-93.7746624,Restored_Oxbow,oxbow,,,,12.3,491,,0
284,Jones_West,11-Jun-20,2020,IA,White_Fox_creek,42.59615684,-93.75786999,Restored_Oxbow,oxbow,,,,10.8,499,,0
235,Van_Diest,24-Jun-19,2019,IA,Lyons_Creek,42.49728989,-93.76669559,Restored_Oxbow,oxbow,28.58,,8.44,28.02,508,8.29,0
298,Nelson_East,9-Jun-20,2020,IA,Lyons_Creek,42.488799,-93.76739863,Restored_Oxbow,oxbow,,,,22.5,515,,0
231,Mrazek_North,27-Jun-19,2019,IA,Otter_Creek,42.81522381,-93.85765183,Restored_Oxbow,oxbow,31.09,,10.72,95.42,516.2,8.82,2
253,Hefty_South,31-Jul-19,2019,IA,Boone_River,42.88710918,-94.01141796,Restored_Oxbow,oxbow,29.58,,8.34,41.37,527.6,8.19,0
285,Jones_West,22-May-20,2020,IA,White_Fox_Creek,42.59615684,-93.75786999,Restored_Oxbow,oxbow,,,,19.7,532,,0
304,Peterson,10-Jun-20,2020,IA,White_Fox_Creek,42.5583155,-93.77581597,Restored_Oxbow,oxbow,,,,71.2,534,,1
233,Mrazek_South,26-Jun-19,2019,IA,Otter_Creek,42.81368752,-93.85704837,Restored_Oxbow,oxbow,24.01,,1.45,41.78,536.6,7.65,0
272,Frye_North,29-May-20,2020,IA,White_Fox_Creek,42.52344482,-93.7877626,Restored_Oxbow,oxbow,,,,39.6,538,,0
318,Sterns,9-Jun-20,2020,IA,Lyons_Creek,42.49353778,-93.76768048,Restored_Oxbow,oxbow,,,,19.9,539,,0
278,Frye_South,28-May-20,2020,IA,White_Fox_Creek,42.52287207,-93.78762879,Restored_Oxbow,oxbow,,,,16.3,540,,0
292,Maples_South,8-Jun-20,2020,IA,Lyons_Creek,42.47710919,-93.7746624,Restored_Oxbow,oxbow,,,,16,543,,0
315,Scharn_West,27-May-20,2020,IA,Cedar_Creek,42.42577539,-94.94251754,Restored_Oxbow,oxbow,,,,77.6,548,,0
229,Hefty_South,28-Jun-19,2019,IA,Boone_River,42.88710918,-94.01141796,Restored_Oxbow,oxbow,25.86,,3.02,41.02,550,8.36,82
225,Amonson,25-Jun-19,2019,IA,Eagle_Creek,42.60714432,-93.84689651,Restored_Oxbow,oxbow,21.29,,3.39,57.2,550.2,7.91,0
307,Peterson,28-May-20,2020,IA,White_Fox_Creek,42.5583155,-93.77581597,Restored_Oxbow,oxbow,,,,42.2,554,,0
274,Frye_North,11-Jun-20,2020,IA,White_Fox_Creek,42.52344482,-93.7877626,Restored_Oxbow,oxbow,,,,9.8,558,,0
276,Frye_South,11-Jun-20,2020,IA,White_Fox_Creek,42.52287207,-93.78762879,Restored_Oxbow,oxbow,,,,4.92,574,,0
234,Sanders,24-Jun-19,2019,IA,Eagle_Creek,42.62878039,-93.8449324,Restored_Oxbow,oxbow,22.8,,1.98,72.46,575.6,7.23,0
277,Frye_South,3-Jun-20,2020,IA,White_Fox_Creek,42.52287207,-93.78762879,Restored_Oxbow,oxbow,,,,6.6,578,,0
306,Peterson,22-May-20,2020,IA,White_Fox_Creek,42.5583155,-93.77581597,Restored_Oxbow,oxbow,,,,51.7,581,,0
305,Peterson,4-Jun-20,2020,IA,White_Fox_Creek,42.5583155,-93.77581597,Restored_Oxbow,oxbow,,,,44.3,585,,0
237,Wallace,2-Aug-19,2019,IA,Trib_to_Indian_Creek,42.30243933,-94.99032842,Restored_Oxbow,oxbow,19.82,,0.63,17.58,588.6,7.32,0
232,Mrazek_Northwest,27-Jun-19,2019,IA,Otter_Creek,42.814143,-93.86175289,Restored_Oxbow,oxbow,25.44,,3.45,50.76,589.8,7.98,1
313,Scharn_West,10-Jun-20,2020,IA,Cedar_Creek,42.42577539,-94.94251754,Restored_Oxbow,oxbow,,,,62.2,592,,0
251,Fisk,30-Jul-19,2019,IA,Camp_Creek,42.39815815,-94.78450516,Restored_Oxbow,oxbow,23.84,,14.83,3.45,602.4,7.57,0
312,Scharn_West,20-May-20,2020,IA,Cedar_Creek,42.42577539,-94.94251754,Restored_Oxbow,oxbow,,,,36.7,604,,0
282,Jones_East,5-Jun-20,2020,IA,White_Fox_Creek,42.59653009,-93.75698958,Restored_Oxbow,oxbow,,,,6.97,605,,0
258,Sanders,23-Jul-19,2019,IA,Eagle_Creek,42.62878039,-93.8449324,Restored_Oxbow,oxbow,19.72,,8.34,4.9,617,7.4,0
286,Jones_West,29-May-20,2020,IA,White_Fox_Creek,42.59615684,-93.75786999,Restored_Oxbow,oxbow,,,,10.03,626,,1
250,Amonson,24-Jul-19,2019,IA,Eagle_Creek,42.60714432,-93.84689651,Restored_Oxbow,oxbow,26,,14.21,25.2,633,8.23,5
291,Maples_North,26-May-20,2020,IA,Lyons_Creek,42.47789779,-93.77444218,Restored_Oxbow,oxbow,,,,3.9,644,,0
290,Maples_North,2-Jun-20,2020,IA,Lyons_Creek,42.47789779,-93.77444218,Restored_Oxbow,oxbow,,,,7.03,648,,0
281,Jones_East,11-Jun-20,2020,IA,White_Fox_Creek,42.59653009,-93.75698958,Restored_Oxbow,oxbow,,,,6.55,652,,0
254,McClellan,26-Jul-19,2019,IA,Boone_River,42.91948654,-94.07050355,Restored_Oxbow,oxbow,19.9,,15.33,37.47,666.2,7.26,18
314,Scharn_West,3-Jun-20,2020,IA,Cedar_Creek,42.42577539,-94.94251754,Restored_Oxbow,oxbow,,,,35.8,679,,0
288,Maples_North,18-May-20,2020,IA,Lyons_Creek,42.47789779,-93.77444218,Restored_Oxbow,oxbow,,,,2.03,689,,0
289,Maples_North,8-Jun-20,2020,IA,Lyons_Creek,42.47789779,-93.77444218,Restored_Oxbow,oxbow,,,,9.97,691,,0
280,Jones_East,22-May-20,2020,IA,White_Fox_Creek,42.59653009,-93.75698958,Restored_Oxbow,oxbow,,,,3.6,709,,0
283,Jones_East,29-May-20,2020,IA,White_Fox_Creek,42.59653009,-93.75698958,Restored_Oxbow,oxbow,,,,2.3,730,,0
15MNBSBVRT35,TS2BW,6/19/2015,2015,MN,Beaver_Creek_Tributary,43.729,-96.268,stream,stream,21.2,151.9,13,25.1,768.1,6.84,33
15MNRKKNZ39,ADBD,6/22/2015,2015,MN,Kanaranzi_Creek,43.644,-95.94,stream,stream,22.18,65.7,5.57,30.6,798.6,6.88,1
16MNBSPPS75,PSBD,6/23/2016,2016,MN,Pipestone_Creek,44.023,-96.33,stream,stream,21.36,146,10.78,10,803.9,8.21,0
15MNBSBVRT36,TSAW,6/19/2015,2015,MN,Beaver_Creek_Tributary,43.729,-96.294,stream,stream,19.17,64.9,5.88,16.9,805.7,6.95,1
15MNBSBVRT37,TSBW,6/19/2015,2015,MN,Beaver_Creek_Tributary,43.726,-96.292,stream,stream,18.53,106.4,9.61,31.4,810,6.95,4
16MNRKKNZ59,ADBD,6/13/2016,2016,MN,Kanaranzi_Creek,43.645,-95.935,stream,stream,22.58,126.5,9.13,22.1,854.4,8.17,0
16MNBSSTR84,NUBD,6/27/2016,2016,MN,Split_Rock_Creek,43.761,-96.452,stream,stream,25.08,136.4,9.39,54.2,887.8,8.28,26
15MNBSPPS40,PSAD,6/23/2015,2015,MN,Pipestone_Creek,44.023,-96.329,stream,stream,15.33,87.3,8.42,30.7,737.7,6.71,5
16MNRKELKT24,MD2A,5/18/2016,2016,MN,Elk_Creek_Tributary,43.687,-95.991,stream,stream,22.18,211.2,15.46,80,516.8,8.88,0
17MNBSBVR87,TS4(b),7/13/2017,2017,MN,Beaver_Creek,43.739,-96.262,stream,stream,18.53,102.1,8.01,72.1,528,7.72,0
15MNRKMND15,BM1A,6/9/2015,2015,MN,Mound_Creek,43.714,-96.174,stream,stream,25.17,101,8,101,561.1,6.78,0
17MNBSWLW46,MO4A,5/23/2017,2017,MN,Willow_Creek_Tributary,44.13,-96.441,stream,stream,9.82,97.8,9.27,32.6,649.7,8.39,0
15MNRKRKR11,AR1A,6/9/2015,2015,MN,Rock_River,43.707,-96.157,stream,stream,25.59,96,7.59,129.7,664.8,6.86,1
18MNBSSTRK12,RK1A,2018,2018,MN,Split_Rock_Creek,43.762,-96.364,stream,stream,12.6,119.4,,113.2,673,,0
16MNBSSTRT20,BU1A,5/17/2016,2016,MN,Split_Rock_Creek_Tributary,43.845,-96.316,stream,stream,14.14,112.7,9.68,11.7,674.9,7.91,52
16MNRKMND01,BM1A,5/16/2016,2016,MN,Mound_Creek,43.714,-96.173,stream,stream,18.8,122.9,9.56,33.3,675.4,8.27,9
18MNBSSTRK15,HR1A,2018,2018,MN,Split_Rock_Creek,43.82,-96.416,stream,stream,19.1,67.6,,110.7,676,,0
17MNBSWLW51,MO1A(123A),5/23/2017,2017,MN,Willow_Creek_Tributary,44.129,-96.445,stream,stream,10.43,109.8,10.26,20.1,682.8,8.49,0
18MNBSSTRK11,RK1A,2018,2018,MN,Split_Rock_Creek,43.768,-96.372,stream,stream,14.1,130.9,,64.4,684,,1
17MNRKELK27,RM2,6/1/2017,2017,MN,Elk_Creek,43.672,-96.066,stream,stream,24.81,318,22.84,48.3,692,8.78,16
17MNRKMND76,BMAD,6/14/2017,2017,MN,Mound_Creek,43.717,-96.186,stream,stream,19.48,107.1,8.2,33,694.2,8.52,23
18MNBSSTRK14,HR1A,2018,2018,MN,Split_Rock_Creek,43.819,-96.416,stream,stream,14.4,63,,83.2,715,,0
15MNBSFDUT44,ST1A,6/23/2015,2015,MN,Flandreau_Creek_Tributary,44.153,-96.282,stream,stream,19.8,86.4,7.56,42,717.2,6.69,0
18MNBSLBVR10,VD3A,2018,2018,MN,Little_Beaver_Creek,43.704,-96.268,stream,stream,19.9,102.8,,114,719,,6
19MNBSFDUT28,JJ1A,2019,2019,MN,Flandreau_Creek_Tributary,44.115,-96.402,stream,stream,25.3,49.5,,3.3,721,,0
18MNBSFDU91,BT1A,2018,2018,MN,Flandreau_Creek,44.094,-96.436,stream,stream,21.9,72.8,,108.1,724,,1
15MNRKKNZ03,MA2A,6/3/2015,2015,MN,Kanaranzi_Creek,43.639,-95.959,stream,stream,22.04,106.3,8.97,39.3,724.4,6.87,0
17MNRKRKRT32,HU3A,6/1/2017,2017,MN,Rock_River_Tributary,43.761,-96.09,stream,stream,17.58,185.2,14.77,5.5,725,8.77,1
16MNBSBVR17,TS5A,5/17/2016,2016,MN,Beaver_Creek,43.733,-96.269,stream,stream,13.01,129.3,11.37,8.7,725.8,8.21,87
17MNBSWLW54,GE12A,5/23/2017,2017,MN,Willow_Creek,44.15,-96.415,stream,stream,12.17,108.8,9.76,15.7,726.9,8.56,0
17MNRKRKRT35,HU12A(2A),6/1/2017,2017,MN,Rock_River_Tributary,43.764,-96.087,stream,stream,16.39,179.4,14.67,6.2,727.7,8.7,0
17MNRKRKRT37,HU12A(1A),6/1/2017,2017,MN,Rock_River_Tributary,43.764,-96.087,stream,stream,16.39,179.4,14.67,6.2,727.7,8.7,0
16MNRKRKR104,FE1A,6/30/2016,2016,MN,Rock_River,43.897,-96.16,stream,stream,23.65,136.1,9.61,13.9,729.9,8.23,9
16MNRKRKRT28,HU1A,5/18/2016,2016,MN,Rock_River_Tributary,43.782,-96.141,stream,stream,10.42,123.2,11.5,2.1,731,8.1,0
16MNRKRKR103,FE2A,6/30/2016,2016,MN,Rock_River,43.896,-96.164,stream,stream,23.25,123.5,8.81,16.5,732.4,8.14,2
16MNRKRKR102,FE34A,6/30/2016,2016,MN,Rock_River,43.893,-96.16,stream,stream,22.52,101.8,7.36,23.1,732.8,8.17,12
16MNRKRKRT33,HU4A,5/18/2016,2016,MN,Rock_River_Tributary,43.762,-96.09,stream,stream,11.04,130,11.97,4.8,733,8,2
16MNBSBVR14,TS234A,5/17/2016,2016,MN,Beaver_Creek,43.712,-96.239,stream,stream,11.43,115.7,10.55,5.1,733.3,8.12,8
16MNBSBVR49,WI12A,5/20/2016,2016,MN,Beaver_Creek,43.677,-96.291,stream,stream,14.97,118.9,10.02,25.4,734.6,8.22,57
18MNRKLRKR28,JO12A,2018,2018,MN,Little_Rock_River,43.586,-95.754,stream,stream,15,87.4,,100.6,740,,0
17MNBSBVRT07,TS67A,6/1/2017,2017,MN,Beaver_Creek_Tributary,43.731,-96.292,stream,stream,13.16,132.64,11.62,13.9,740.9,8.67,0
18MNBSFDU96,BT2A,2018,2018,MN,Flandreau_Creek,44.088,-96.439,stream,stream,22.3,84.7,,112.8,741,,1
18MNBSFDU100,BT3A,2018,2018,MN,Flandreau_Creek,44.085,-96.44,stream,stream,22.3,89.5,,113.6,741,,0
16MNBSBVR09,TS1A,5/17/2016,2016,MN,Beaver_Creek,43.745,-96.261,stream,stream,10.85,112.5,10.42,7.1,741.7,8.15,43
17MNBSBVR09,TS5A,6/1/2017,2017,MN,Beaver_Creek,43.731,-96.27,stream,stream,15.98,114.5,9.47,19.4,743.7,8.54,9
17MNRKLRKR69,LJ1234A,6/12/2017,2017,MN,Little_Rock_River,43.583,-95.754,stream,stream,18.37,93,7.27,52.5,744.6,8.42,1
16MNBSBVRT07,TS6789A,5/16/2016,2016,MN,Beaver_Creek_Tributary,43.73,-96.293,stream,stream,12.36,146.4,13.13,8.8,744.7,8.3,3
18MNBSFDU105,BT4A,2018,2018,MN,Flandreau_Creek,44.082,-96.441,stream,stream,22.1,85.5,,114.7,745,,0
16MNBSFDUT42,ST1A,5/19/2016,2016,MN,Flandreau_Creek_Tributary,44.153,-96.281,stream,stream,15.3,128.8,10.76,5.2,745.2,8.28,0
17MNBSBVR12,TS234A,6/1/2017,2017,MN,Beaver_Creek,43.741,-96.263,stream,stream,16.29,127.4,10.47,16.2,746.2,8.6,0
15MNRKRKR50,BL2A,7/1/2015,2015,MN,Rock_River,43.678,-96.166,stream,stream,21.31,121.1,10.34,49,746.6,6.99,0
15MNRKRKR48,BL1A,7/1/2015,2015,MN,Rock_River,43.683,-96.193,stream,stream,22.96,126.5,10.4,42.8,749.3,7,7
17MNBSBVR16,TS1A,6/1/2017,2017,MN,Beaver_Creek,43.745,-96.261,stream,stream,16.34,129.1,10.56,16.8,757.4,8.55,4
18MNBSPPST85,HUFP234A,2018,2018,MN,Pipestone_Creek_Tributary,44.136,-96.254,stream,stream,16.7,95.5,,116.7,760,,0
19MNBSFDUT26,JJ1A,2019,2019,MN,Flandreau_Creek_Tributary,44.115,-96.403,stream,stream,25.4,83.6,,78.4,764,,0
15MNRKKNZ02,MA1A,6/3/2015,2015,MN,Kanaranzi_Creek,43.644,-95.96,stream,stream,17.81,94.1,9.24,47.6,765.3,6.72,0
18MNBSPPS74,LPRW2A,2018,2018,MN,Pipestone_Creek,44.086,-96.293,stream,stream,19.1,98.3,,108,766,,0
18MNBSPPST81,LPRW1A,2018,2018,MN,Pipestone_Creek,44.085,-96.287,stream,stream,12.2,94.9,,110,766,,0
16MN1RKRKR77,AR23A,6/27/2016,2016,MN,Rock_River,43.704,-96.157,stream,stream,22.33,109.4,7.93,45.3,766.6,8.12,1
16MNBSWLWT46,MO1A,5/19/2016,2016,MN,Willow_Creek_Tributary,44.131,-96.447,stream,stream,14.8,120.8,10.21,3.5,766.8,8.02,0
16MNRKRKR83,AR1A,6/27/2016,2016,MN,Rock_River,43.707,-96.157,stream,stream,23.45,114,8.07,41.8,767.2,8.21,1
18MNBSPPST89,HUFP1A,2018,2018,MN,Pipestone_Creek_Tributary,44.139,-96.252,stream,stream,15.9,80.5,,114,770,,0
15MNRKRKR46,BA1A,6/30/2015,2015,MN,Rock_River,43.648,-96.2,stream,stream,22.02,103.2,8.67,59.7,773.4,6.94,1
17MNRKKNZ68,ADAM,6/12/2017,2017,MN,Kanaranzi_Creek,43.643,-95.943,stream,stream,20.07,101.5,8.44,29.2,773.8,8.62,0
16MNRKRKRT69,MY1A,6/15/2016,2016,MN,Rock_River_Tributary,43.653,-96.193,stream,stream,15.16,41.6,3.52,45.8,774.2,6.96,0
19MNRKCNRB23,OH12A,2019,2019,MN,Chanarambie_Creek,43.949,-96.029,stream,stream,13.2,84.6,,15.1,777,,1
16MNRKRKRT37,KA1A,5/19/2016,2016,MN,Rock_River_Tributary,43.929,-96.185,stream,stream,11.6,109,9.92,7.5,777.4,7.96,46
18MNBSPPS69,LPRW3A,2018,2018,MN,Pipestone_Creek,44.082,-96.307,stream,stream,19.9,104.9,,115.9,779,,0
18MNBSPPS76,LPRW1A_,2018,2018,MN,Pipestone_Creek,44.084,-96.285,stream,stream,14.1,92.1,,116,779,,0
19MNRKRKRT24,PR2A,2019,2019,MN,Rock_River_Tributary,43.819,-96.084,stream,stream,24.1,94.5,,38.7,787,,0
16MNBSWLW45,GE2A,5/19/2016,2016,MN,Willow_Creek,44.15,-96.415,stream,stream,17.6,118,9.4,20.4,788.2,8.24,1
17MNRKLRKR67,RA123A,6/12/2017,2017,MN,Little_Rock_River,43.573,-95.757,stream,stream,19.65,102.4,7.82,27.9,788.7,8.43,0
16MNRKCPPD72,SC12A,6/15/2016,2016,MN,Champepedan_Creek,43.718,-96.077,stream,stream,23.46,120.7,8.54,44,788.9,8.13,1
18MNRKKNZ51,RN1A,2018,2018,MN,"Kanaranzi_Creek,_East_Branch",43.679,-95.779,stream,stream,16.9,120.8,,108.2,793,,0
15MNRKCPPD27,SC2A,6/15/2015,2015,MN,Champepedan_Creek,43.719,-96.077,stream,stream,20.28,130.3,11.37,38.1,794.7,6.92,0
17MNRKELK24,RM123A,6/1/2017,2017,MN,Elk_Creek,43.671,-96.065,stream,stream,19.65,157.7,12.05,25,794.9,8.67,0
17MNRKELK26,RM123A,6/1/2017,2017,MN,Elk_Creek,43.671,-96.065,stream,stream,19.65,157.7,12.05,25,794.9,8.67,0
17MNRKELK28,RM123A,6/1/2017,2017,MN,Elk_Creek,43.671,-96.065,stream,stream,19.65,157.7,12.05,25,794.9,8.67,0
18MNRKKNZ53,BR12A,2018,2018,MN,"Kanaranzi_Creek,_East_Branch",43.674,-95.778,stream,stream,17.4,117.5,,106.9,795,,0
17MNRKCPPD39,SC12A,6/1/2017,2017,MN,Champepedan_Creek,43.719,-96.076,stream,stream,18.06,120.3,9.5,47.1,795.3,8.63,0
16MNRKCPPD73,QU123A,6/16/2016,2016,MN,Champepedan_Creek,43.726,-96.066,stream,stream,19.78,106.7,8.16,47.1,795.5,8.13,0
16MNRKMND90,BO1A,6/28/2016,2016,MN,Mound_Creek,43.544,-96.178,stream,stream,23.98,113.9,7.99,49.4,796.8,8.22,0
17MNRKELK30,RM4A,6/1/2017,2017,MN,Elk_Creek,43.672,-96.072,stream,stream,19.8,157,12.24,27.9,797.2,8.65,0
15MNRKCPPD25,SC1A,6/15/2015,2015,MN,Champepedan_Creek,43.718,-96.077,stream,stream,19.47,33.3,2.93,43.8,797.6,6.89,0
15MNRKKNZ05,KE1A,6/4/2015,2015,MN,Kanaranzi_Creek,43.641,-95.916,stream,stream,20.47,123.6,10.73,25.3,797.8,6.88,0
15MNRKCPPD23,OL4A,6/10/2015,2015,MN,Champepedan_Creek,43.727,-96.065,stream,stream,23.61,108.3,8.85,54.3,798.1,6.94,0
15MNRKCPPD17,OL1A,6/10/2015,2015,MN,Champepedan_Creek,43.728,-96.058,stream,stream,19.8,42.7,3.69,47.4,798.2,6.97,0
15MNRKKNZ08,RE1A,6/4/2015,2015,MN,Kanaranzi_Creek,43.641,-95.914,stream,stream,22.15,147,12.34,23.5,798.9,6.98,0
17MNRKCPPD20,KR123A,6/1/2017,2017,MN,Champepedan_Creek,43.763,-96.049,stream,stream,19.36,131.6,10.09,43.1,799.4,8.7,0
15MNRKCPPD19,OL2A,6/10/2015,2015,MN,Champepedan_Creek,43.729,-96.058,stream,stream,21.44,102.1,8.72,46.1,800.5,6.95,0
15MNRKCPPD21,OL3A,6/10/2015,2015,MN,Champepedan_Creek,43.728,-96.06,stream,stream,22.73,104.4,8.67,50.1,800.6,6.95,0
15MNRKPLRT34,PCT2A,6/18/2015,2015,MN,Poplar_Creek_Tributary,43.867,-96.204,stream,stream,17.55,95.4,8.78,28.3,801,6.7,41
15MNRKPLRT32,PCT1A,6/18/2015,2015,MN,Poplar_Creek_Tributary,43.87,-96.205,stream,stream,16.3,89.7,8.22,62.2,804.7,6.7,31
18MNRKKNZ57,ADAM,2018,2018,MN,Kanaranzi_Creek,43.645,-95.935,stream,stream,17,89.6,,80.7,805,,0
18MNRKKNZ61,ADAM,2018,2018,MN,Kanaranzi_Creek,43.644,-95.94,stream,stream,16.5,88.3,,92.8,805,,0
16MNRKCPPD107,OL13A,7/27/2016,2016,MN,Champepedan_Creek,43.728,-96.058,stream,stream,23.08,125.7,8.96,8.7,805.5,8.13,0
16MNRKELK57,RM4A,5/20/2016,2016,MN,Elk_Creek,43.672,-96.073,stream,stream,12.94,124.1,10.94,6.1,807.7,8.1,2
16MNRKPLRT101,PCT2A,6/29/2016,2016,MN,Poplar_Creek_Tributary,43.866,-96.205,stream,stream,21.93,98,7.15,37.9,807.7,8,3
16MNRKPLRT99,PCT1A,6/29/2016,2016,MN,Poplar_Creek_Tributary,43.866,-96.205,stream,stream,21.93,98,7.15,37.9,807.7,8,5
15MNRKPLR28,PC1A,6/18/2015,2015,MN,Poplar_Creek,43.893,-96.168,stream,stream,22.36,123.7,10.66,36.8,816.6,6.91,13
15MNRKPLR30,PC2A,6/18/2015,2015,MN,Poplar_Creek,43.867,-96.199,stream,stream,23.59,133.2,10.78,24.8,816.7,6.95,42
16MNRKCPPD105,KR123A,7/27/2016,2016,MN,Champepedan_Creek,43.761,-96.05,stream,stream,23.35,122.9,8.69,9.5,818.6,8.04,1
16MNRKRKRT39,KA2A,5/19/2016,2016,MN,Rock_River_Tributary,43.929,-96.185,stream,stream,13.47,96.6,8.41,21.1,819.7,7.95,78
15MNBSSTRK54,VA23A,8/3/2015,2015,MN,Split_Rock_Creek,43.765,-96.445,stream,stream,25.13,132.2,10.36,70.5,824,7.05,0
15MNBSSTRK53,VA1A,8/3/2015,2015,MN,Split_Rock_Creek,43.768,-96.444,stream,stream,25.03,139.8,11.14,71.4,824.3,7.03,1
16MNRKPLR95,PC2A,6/29/2016,2016,MN,Poplar_Creek,43.865,-96.204,stream,stream,24.13,127.7,8.92,27.6,824.7,8.17,46
16MNRKPLR96,PC1A,6/29/2016,2016,MN,Poplar_Creek,43.865,-96.204,stream,stream,24.13,127.7,8.92,27.6,824.7,8.17,1
15MNBSSTRK57,VA4A,8/3/2015,2015,MN,Split_Rock_Creek,43.765,-96.447,stream,stream,26.39,150.3,11.64,65.1,825.2,7.08,2
17MNBSSTRK81,WLA,6/15/2017,2017,MN,Split_Rock_Creek,43.835,-96.416,stream,stream,21.63,97.2,7.15,59.3,836.3,8.53,12
16MNRKKNZ61,KE1A,6/14/2016,2016,MN,Kanaranzi_Creek,43.652,-95.931,stream,stream,19.05,100.3,7.76,24.1,841,8.08,0
16MNRKKNZ88,KELLEN16,6/28/2016,2016,MN,Kanaranzi_Creek,43.655,-95.894,stream,stream,19.4,119.2,9.15,35,847.4,8.06,0
16MNRKKNZ89,RE1A,6/28/2016,2016,MN,Kanaranzi_Creek,43.658,-95.93,stream,stream,21.2,124,9.18,27.2,850.9,8.07,0
16MNRKKNZ87,MA1A,6/28/2016,2016,MN,Kanaranzi_Creek,43.644,-95.96,stream,stream,19.74,116.3,8.85,34.1,853.2,8.02,0
16MNRKKNZ86,MA2A,6/28/2016,2016,MN,Kanaranzi_Creek,43.639,-95.959,stream,stream,19.15,111.5,8.59,44,853.6,8.13,0
16MNRKKNZ63,LU1A,6/14/2016,2016,MN,Kanaranzi_Creek,43.623,-95.994,stream,stream,21.06,108.2,8.04,54.2,856.4,8.15,0
16MNRKRKRT22,HA1A,5/17/2016,2016,MN,Rock_River_Tributary,43.615,-96.352,stream,stream,15.6,106.1,8.8,4.2,861.6,8.08,1
16MNRKKNZ65,SV1A,6/14/2016,2016,MN,Kanaranzi_Creek,43.637,-95.961,stream,stream,21.29,112.1,8.28,32.5,865.7,8.13,0
16MNRKELKT23,MD1A,5/18/2016,2016,MN,Elk_Creek_Tributary,43.688,-95.986,stream,stream,15.02,127.4,10.73,11.8,898.1,7.74,0
16MNRKMUD91,MUD,6/28/2016,2016,MN,Mud_Creek,43.544,-96.341,stream,stream,22.3,142.2,10.3,89.8,912.7,7.95,0
16MNRKRKRT25,LV1A,5/18/2016,2016,MN,Rock_River_Tributary,43.656,-96.198,stream,stream,11.2,103.7,9.67,11.6,929.3,8.11,3
18MNRKRKR33,BA1A,2018,2018,MN,Rock_River,43.649,-96.199,stream,stream,19.6,79.2,,89.9,948,,1
17MNBSBVRT03,HA123A,6/1/2017,2017,MN,Beaver_Creek_Tributary,43.615,-96.352,stream,stream,12.7,104.4,9.24,21.7,1101,8.5,0
15MNRKRKR45,BA1,6/30/2015,2015,MN,Rock_River,43.649,-96.199,stream,stream,18.48,.,.,25.1,1397,6.26,1
16MNBSPPS74,PSAD,6/23/2016,2016,MN,Pipestone_Creek,44.023,-96.329,stream,stream,21.38,185.5,13.69,37.1,799.6,8.31,8
15MNRKKNZ38,ADAD,6/22/2015,2015,MN,Kanaranzi_Creek,43.645,-95.935,stream,stream,25.13,46.5,3.71,25.9,802.3,6.91,0
16MNBSPPS76,PSAWF,6/23/2016,2016,MN,Pipestone_Creek,44.015,-96.318,stream,stream,18.1,137,10.8,5.4,846.6,7.82,0
16MNRKKNZ60,ADAD,6/13/2016,2016,MN,Kanaranzi_Creek,43.645,-95.935,stream,stream,22.67,135.3,9.73,14.4,855.4,8.13,1
16MNRKSTR85,NUAD,6/27/2016,2016,MN,Split_Rock_Creek,43.762,-96.447,stream,stream,25.67,140.7,9.56,67.6,890.5,8.33,2
15MNBSPPS42,PSBD,6/23/2015,2015,MN,Pipestone_Creek,44.023,-96.33,stream,stream,15.18,102.2,9.91,31.4,740.8,6.73,4
15MNBSPPS41,PSAWF,6/23/2015,2015,MN,Pipestone_Creek,44.015,-96.318,stream,stream,14.27,98.5,9.7,11.8,826.9,6.44,0
28,61516-2,15-Jun-16,2016,IA,North_Raccoon_River,42.25518212,-94.81767344,Unrestored_Oxbow,oxbow,33,,7.02,51.7,318.1,9.4,0
151,Prairie_Engstrom_Oxbow,1-Jun-17,2017,IA,Prairie_Creek,42.8622386,-93.99275236,Unrestored_Oxbow,oxbow,18.6,,11.3,11.7,336.3,10,33
115,Prairie_0_Oxbow,8-Aug-16,2016,IA,Prairie_Creek,42.84872988,-93.97043252,Unrestored_Oxbow,oxbow,24.9,,5.78,47.5,339.6,8.6,76
163,63017-2,30-Jun-17,2017,IA,Cedar_Creek,42.25462736,-94.53352447,Unrestored_Oxbow,oxbow,23.065,,6.48,30.2,346.9,8.6,14
20,Eagle_153_Oxbow,11-Jun-16,2016,IA,Eagle_Creek,42.65684971,-93.8334211,Unrestored_Oxbow,oxbow,25.6,,5.27,64.1,350.2,8.7,238
26,61516-1,15-Jun-16,2016,IA,North_Raccoon_River,42.25590742,-94.82090452,Unrestored_Oxbow,oxbow,25.5,,0.62,104,378.2,8.2,0
103,81616-1,16-Aug-16,2016,IA,_North_Raccon_River,42.16689631,-94.73241914,Unrestored_Oxbow,oxbow,19.99,,2.93,14.2,388,7.47,0
104,81616-2,16-Aug-16,2016,IA,Lake_Creek,42.24585745,-94.79386915,Unrestored_Oxbow,oxbow,19.99,,2.93,14.2,388,7.5,0
152,WFC_80_Oxbow,30-May-17,2017,IA,White_Fox_Creek,42.63251176,-93.7446049,Unrestored_Oxbow,oxbow,15.7,,8.8,53.5,402.6,8.4,0
31,Eagle_151_Oxbow,24-Jun-16,2016,IA,Eagle_Creek,42.65148873,-93.83178171,Unrestored_Oxbow,oxbow,17,,6.88,4.35,418,8.4,14
170,71017-1,10-Jul-17,2017,IA,Purgatory_Creek,42.2225472,-94.62757793,Unrestored_Oxbow,oxbow,25.22,,6.15,19.2,457,8.02,0
30,61616-1,16-Jun-16,2016,IA,North_Raccoon_River,42.25527867,-94.81612136,Unrestored_Oxbow,oxbow,24.3,,6.52,33.5,487.1,8.3,0
70,71916-2,19-Jul-16,2016,MN,Rock_River,43.49355173,-96.18028927,Unrestored_Oxbow,oxbow,25.4,,12.67,27.1,489,9,29
178,62417-1,24-Jun-17,2017,MN,Rock_River,43.21672152,-96.27543968,Unrestored_Oxbow,oxbow,23.48,,4.4,28.1,498.3,7.9,0
130,60517-1,5-Jun-17,2017,IA,West_Buttrick_Creek,42.05414708,-94.28485262,Unrestored_Oxbow,oxbow,24.2,,5.71,25.2,504.3,8.3,0
131,60517-2,5-Jun-17,2017,IA,East_Buttrick_Creek,42.08321749,-94.24705127,Unrestored_Oxbow,oxbow,23.41,,5.38,38.9,520.6,8.2,1
24,Prairie_9_Oxbow,15-Jun-16,2016,IA,Prairie_Creek,42.88830793,-94.01162369,Unrestored_Oxbow,oxbow,26.3,,6.26,14.5,532,8.2,32
127,60117-2,2-Jun-17,2017,IA,East_Buttrick_Creek,42.23818911,-94.23909051,Unrestored_Oxbow,oxbow,21.24,,5.93,24.6,534,8.05,1
21,Prairie_8_Oxbow,15-Jun-16,2016,IA,Prairie_Creek,42.88706506,-94.01139679,Unrestored_Oxbow,oxbow,24.9,,10.5,9.03,535,8,0
177,62317-3,23-Jun-17,2017,MN,Little_Rock_River,43.4471359,-95.90484374,Unrestored_Oxbow,oxbow,23.07,,6.26,24.3,540.3,8.2,1
69,71916-1,19-Jul-16,2016,MN,Rock_River,43.49054253,-96.18050369,Unrestored_Oxbow,oxbow,23.1,,6.87,22.9,543.8,8.4,2
105,Eagle_135_Oxbow,27-Jul-16,2016,IA,Eagle_Creek,42.58823251,-93.8461349,Unrestored_Oxbow,oxbow,21,,1.46,4.29,546,7.6,0
71,72016-1,20-Jul-16,2016,MN,Otter_Creek,43.30161034,-96.05671309,Unrestored_Oxbow,oxbow,23.2,,4.91,31.6,547.9,7.9,0
180,62317-2,23-Jun-17,2017,MN,Little_Rock_River,43.41230004,-95.94414956,Unrestored_Oxbow,oxbow,24.05,,6.17,31.9,548.1,8.4,4
212,71717-1,17-Jul-17,2017,IA,North_Raccoon_River,42.6737434,-95.06159967,Unrestored_Oxbow,oxbow,27.82,,8.44,29.9,562,7.87,0
90,WFC_at_BooneRr_Oxbow,8-Jul-16,2016,IA,White_Fox_Creek,42.47511347,-93.80854119,Unrestored_Oxbow,oxbow,20.1,,3.01,6.05,574,7.6,0
179,62317-1,23-Jun-17,2017,MN,Little_Rock_River,43.4043491,-95.95025407,Unrestored_Oxbow,oxbow,23.81,,4.38,17,578.7,7.9,0
72,72016-2,20-Jul-16,2016,MN,Otter_Creek,43.29991908,-96.05208354,Unrestored_Oxbow,oxbow,24.23,,2.08,13,583,7.6,0
100,Eagle_129_Oxbow,22-Jul-16,2016,IA,Eagle_Creek,42.57261264,-93.85385433,Unrestored_Oxbow,oxbow,24,,0.7,17.4,594,7.1,0
106,Eagle_137_Oxbow,27-Jul-16,2016,IA,Eagle_Creek,42.59101783,-93.84744464,Unrestored_Oxbow,oxbow,24.8,,2.12,5.86,604,7.7,0
210,Boone_KopaskaNorth_Oxbow,8-Aug-17,2017,IA,Boone_River,42.41759593,-93.80281876,Unrestored_Oxbow,oxbow,18.2,,4.1,7,608,8.2,0
209,Boone_KopaskaSouth_Oxbow,8-Aug-17,2017,IA,Boone_River,42.41656368,-93.80424307,Unrestored_Oxbow,oxbow,19.4,,3.1,70.5,608,8.2,0
102,81516-1,15-Aug-16,2016,IA,Cedar_Creek_2,42.42783261,-94.94213472,Unrestored_Oxbow,oxbow,21.41,,0.6,9.42,679,7.56,0
99,WFC_60_Oxbow,21-Jul-16,2016,IA,White_Fox_Creek,42.56610254,-93.77217892,Unrestored_Oxbow,oxbow,23.5,,2.68,8.13,697,8,0
171,71017-2,10-Jul-17,2017,IA,Purgatory_Creek,42.21868884,-94.63024185,Unrestored_Oxbow,oxbow,32.5,,2.58,28.3,739,7.51,0
